<beans xmlns="http://www.springframework.org/schema/beans"
	xmlns:xsi="http://www.w3.org/2001/XMLSchema-instance" xmlns:context="http://www.springframework.org/schema/context"
	xsi:schemaLocation="http://www.springframework.org/schema/beans
     http://www.springframework.org/schema/beans/spring-beans-4.0.xsd
     http://www.springframework.org/schema/context
     http://www.springframework.org/schema/context/spring-context-4.0.xsd">
	
	<context:component-scan base-package="com.capgemini.anno" /> 
	<!-- <bean id="sbu" class="com.capgemini.lab1c.SBU"/> -->
<!-- <bean id="emp" class="com.capgemini.bean.Employee" autowire="byType">
	 <property name="employeeId" value="12345"/>
	  <property name="employeeName" value="harriet"/>
	   <property name="salary" value="40000"/>
	   <property name="businessUnit" ref="sbu"/>
	   <property name="age" value="30"/> -->
	   <bean id="sbu" class="com.capgemini.lab1c.SBU" autowire="byType">
		<property name="emp">
			<list>
				<bean class="com.capgemini.lab1c.Employee">
					<property name="employeeId" value="1002" />
					<property name="employeeName" value="Hydru" />
					<property name="salary" value="6000" />
				</bean>
				<bean class="com.capgemini.lab1c.Employee">
					<property name="employeeId" value="1003" />
					<property name="employeeName" value="Vivek" />
					<property name="salary" value="5000" />
				</bean>
			</list>
		</property>
	</bean>
	 </beans>